<?xml version="1.0" encoding="utf-8"?>
	<modification>
		<id>Update patch for update currency</id>
		<version>1.3</version>
		<vqmver>2.X</vqmver>
		<author>OpenCart</author>
		<file name="admin/model/localisation/currency.php">
			<operation>
				<search position="replace"><![CDATA[
					updateCurrencies
				]]></search>
				<add><![CDATA[
					oldUpdateCurrencies
				]]></add>
			</operation>
			<operation>
				<search position="after"><![CDATA[
					Model {
				]]></search>
				<add><![CDATA[
					public function updateCurrencies($force = false) {
						if (extension_loaded('curl')) {
							$currencies = array();

							$default = $this->config->get('config_currency');

							if ($force) {
								$query = $this->db->query("SELECT * FROM " . DB_PREFIX . "currency WHERE code != '" . $this->db->escape($this->config->get('config_currency')) . "'");
							} else {
								$query = $this->db->query("SELECT * FROM " . DB_PREFIX . "currency WHERE code != '" . $this->db->escape($this->config->get('config_currency')) . "' AND date_modified < '" .  $this->db->escape(date('Y-m-d H:i:s', strtotime('-1 day'))) . "'");
							}

							foreach ($query->rows as $result) {
								if (($result['code'] != $default)) {
									$currencies[] = $result;
								}
							}

							if($currencies){
								$curl = curl_init();

								curl_setopt($curl, CURLOPT_URL, 'https://api.fixer.io/latest?base=' . $default);
								curl_setopt($curl, CURLOPT_RETURNTRANSFER, 1);
								curl_setopt($curl, CURLOPT_HEADER, false);
								curl_setopt($curl, CURLOPT_SSL_VERIFYPEER, 0);
								curl_setopt($curl, CURLOPT_CONNECTTIMEOUT, 30);
								curl_setopt($curl, CURLOPT_TIMEOUT, 30);

								$response = curl_exec($curl);

								curl_close($curl);

								$response_info = json_decode($response, true);

								if (isset($response_info['rates'])) {
									foreach ($currencies as $currency) {
										if (isset($response_info['rates'][$currency['code']])) {
											$this->db->query("UPDATE " . DB_PREFIX . "currency SET value = '" . (float)$response_info['rates'][$currency['code']] . "', date_modified = NOW() WHERE code = '" . $this->db->escape($currency['code']) . "'");

											$this->cache->delete('currency');
										}
									}
								}
								$this->cache->delete('currency');
							}

							$this->db->query("UPDATE " . DB_PREFIX . "currency SET value = '1.00000', date_modified = NOW() WHERE code = '" . $this->db->escape($this->config->get('config_currency')) . "'");
						}
					}
				]]></add>
			</operation>
		</file>
	</modification>

